{"cameraMode":{"drawMode":0,"name":"Shaded","section":"Shading Mode"},"sceneLighting":false,"audioPlay":false,"sceneViewState":{"m_AlwaysRefresh":false,"showFog":true,"showSkybox":false,"showFlares":true,"showImageEffects":true,"showParticleSystems":true,"showVisualEffectGraphs":true,"m_FxEnabled":true},"in2DMode":false,"pivot":{"x":4.806477069854736,"y":-9.889583587646485,"z":2.797314405441284},"rotation":{"x":0.0012527360813692213,"y":0.8233742117881775,"z":-0.5673068761825562,"w":0.0017159049166366459},"size":7.071731090545654,"orthographic":false}