{"cameraMode":{"drawMode":0,"name":"Shaded","section":"Shading Mode"},"sceneLighting":false,"audioPlay":false,"sceneViewState":{"m_AlwaysRefresh":false,"showFog":true,"showSkybox":false,"showFlares":true,"showImageEffects":true,"showParticleSystems":true,"showVisualEffectGraphs":true,"m_FxEnabled":true},"in2DMode":false,"pivot":{"x":-1.425273060798645,"y":-1.6615540981292725,"z":0.036917682737112048},"rotation":{"x":0.26491016149520876,"y":-0.7009896039962769,"z":0.32102081179618838,"w":0.5789896845817566},"size":2.2203214168548586,"orthographic":false}