{"cameraMode":{"drawMode":0,"name":"Shaded","section":"Shading Mode"},"sceneLighting":false,"audioPlay":false,"sceneViewState":{"m_AlwaysRefresh":false,"showFog":true,"showSkybox":false,"showFlares":true,"showImageEffects":true,"showParticleSystems":true,"showVisualEffectGraphs":true,"m_FxEnabled":true},"in2DMode":false,"pivot":{"x":1.0196946859359742,"y":0.715157151222229,"z":0.6676505208015442},"rotation":{"x":0.20437607169151307,"y":-0.4183952212333679,"z":0.09722079336643219,"w":0.8795688152313232},"size":1.0445961952209473,"orthographic":false}